00.00 CECOSA EROSKI               20260918080221561510605.00                            Extracción MVT 41 - Act.004                                                     004000              00874230                                                            
41.00 26032268000000032902938                            001STD1004000735050008  *             202609180301202609180301202609180705113802274624                                                                       00000000   1                              
41.01 26032268000000032902938                                                                         00000000                            20260918                       00000000RF6987113                                                                      
41.20 26032268000000032902938                  00002004              000009203159     00000000960CAJ                 0000000   000000000000000000000000000   000000000   0000000000000000010000000000000000000                    0000000000               00010
41.21 26032268000000032902938                  00002                                                       0000000005010394984577                  000000000   000000000                        00000000000                                                     
41.20 26032268000000032902938                  00003004              000017795147     00000000792CAJ                 0000000   000000000000000000000000000   000000000   0000000000000000010000000000000000000                    0000000000               00006
41.21 26032268000000032902938                  00003                                                       0000000005998749127049                  000000000   000000000                        00000000000                                                     
41.20 26032268000000032902938                  00004004              000019964956     00000002128CAJ                 0000000   000000252000000000000000000   000000000   0000000002028081910000000000020260918634C9VDN43          2600820180               00014
41.21 26032268000000032902938                  00004                                                       0000000004008429063350                  000000000   000000000                        00000000000                                                     
41.30 26032268000000032902938                  00004000000252000000014634C9VDN43          260082018                    2026091820280819384261890309325931   00000000000000000000000000000001006014040004              000019964956     0000000000000423000000000
41.20 26032268000000032902938                  00001004              000027015676     00000000216CAJ                 0000000   000000000000000000000000000   000000000   0000000000000000010000000000000000000                    0000000000               00006
41.21 26032268000000032902938                  00001                                                       0000000005900951353918                  000000000   000000000                        00000000000                                                     
41.20 26032268000000032902938                  00005004              000027246263     00000001716CAJ                 0000000   000000000000000000000000000   000000000   0000000000000000010000000000000000000                    0000000000               00013
41.21 26032268000000032902938                  00005                                                       0000000008410136050817                  000000000   000000000                        00000000000                                                     
41.99 26032268000000032902938                  00050000100000180000001                                                                                                                                                                                          
41.00 26031487000000032902509                            001STD1004000687250313  *             2026092102492026091806452026091807131731723542274                                                                      00000000   1                              
41.01 26031487000000032902509                                                                         00000000                            20260915                       00000000RF6987106                                                                      
41.20 26031487000000032902509                  00002004              000026087395     00000002880CAJ                 0000000   000002880000000000000000000   000000000   00000000000000000100000000000202609181407260410          2600820260               00024
41.21 26031487000000032902509                  00002                                                       0000000008480010198027                  000000000   000000000                        00000000000                                                     
41.30 26031487000000032902509                  000020000028800000000241407260410          260082026                    2026091800000000444444444428045571   0000000000000000000000000000000Y173000000004              000026087395     0000000000003432000000000
41.20 26031487000000032902509                  00001004              000026594093     00000002850CAJ                 0000000   000002850000000000000000000   000000000   0000000000000000010000000000020260918070826 69 10        2600820270               00015
41.21 26031487000000032902509                  00001                                                       0000000008480010198003                  000000000   000000000                        00000000000                                                     
41.30 26031487000000032902509                  00001000001425000000015070826 69 10        260082027                    2026091800000000444444444428045564   0000000000000000000000000000000Y173000000004              000026594093     0000000000001035500000000
41.30 26031487000000032902509                  00001000001425000000015170726 68 10        260082023                    2026091800000000444444444428045557   0000000000000000000000000000000Y173000000004              000026594093     0000000000001035500000000
41.99 26031487000000032902509                  00020000300003100000002                                                                                                                                                                                          
41.00 26030548000000029728452                            001STD1004000687250313  *             2026091402422026091806452026091807141731723542271                                                                      00000000   1                              
41.01 26030548000000029728452                                                                         00000000                            20260915                       00000000RF6987106                                                                      
41.20 26030548000000029728452                  00003004              000023130438     00000001008CAJ                 0000000   000001008000000000000000000   000000000   0000000000000000010000000000020260918290626 72 10        2600731190               00012
41.21 26030548000000029728452                  00003                                                       0000000008480010198010                  000000000   000000000                        00000000000                                                     
41.30 26030548000000029728452                  00003000001008000000012290626 72 10        260073119                    2026091800000000444444444428045595   0000000000000000000000000000000Y173000000004              000023130438     0000000000001176000000000
41.20 26030548000000029728452                  00001004              000023775109     00000001080CAJ                 0000000   000001080000000000000000000   000000000   0000000002031030110000000000020260918600212124           2600731230     1         00005
41.21 26030548000000029728452                  00001                                                       0000000004042441026528                  000000000   000000000                        00000000000                                                     
41.30 26030548000000029728452                  00001000001080000000005600212124           260073123                    2026091820310301444444444428045601   00000000000000000000000000000001006014050004              000023775109     0000000000000302400000000
41.20 26030548000000029728452                  00002004              000026594093     00000001425CAJ                 0000000   000001425000000000000000000   000000000   0000000000000000010000000000020260918170726 68 10        2600820230               00015
41.21 26030548000000029728452                  00002                                                       0000000008480010198003                  000000000   000000000                        00000000000                                                     
41.30 26030548000000029728452                  00002000001425000000015170726 68 10        260082023                    2026091800000000444444444428045588   0000000000000000000000000000000Y173000000004              000026594093     0000000000001035500000000
41.99 26030548000000029728452                  00030000300003950000003                                                                                                                                                                                          
41.00 26031339000000032816492                            001STD1004000003230011  *             2026091802452026091807302026091807151018117292558                                                                      00000000   18410100000008                 
41.01 26031339000000032816492                                                                         00000000                            20260918                       00000000RF6987105                                                                      
41.20 26031339000000032816492                  00001004              000004415741     00000015840CAJ                 0000000   000015840000000000000000000   000000000   00000000020280930100000000000202609182626079421          2600820050               00240
41.21 26031339000000032816492                  00001                                                       0000000003700123300014                  000000000   000000000                        00000000000                                                     
41.30 26031339000000032816492                  000010000002400000002402626079421          260082005                    2026091820280930384110027202578608   0000000000000000000000000000000Y101000000004              000004415741     0000000000000014400000000
41.30 26031339000000032816492                  000010000002400000002402626079421          260082005                    2026091820280930384110027202578677   0000000000000000000000000000000Y101000000004              000004415741     0000000000000014400000000
41.30 26031339000000032816492                  000010000002400000002402626079421          260082005                    2026091820280930384110027202578592   0000000000000000000000000000000Y101000000004              000004415741     0000000000000014400000000
41.30 26031339000000032816492                  000010000002400000002402626079421          260082005                    2026091820280930384110027202578547   0000000000000000000000000000000Y101000000004              000004415741     0000000000000014400000000
41.30 26031339000000032816492                  000010000002400000002402626079421          260082005                    2026091820280930384110027202578820   0000000000000000000000000000000Y101000000004              000004415741     0000000000000014400000000
41.30 26031339000000032816492                  000010000002400000002402626079421          260082005                    2026091820280930384110027202578776   0000000000000000000000000000000Y101000000004              000004415741     0000000000000014400000000
41.30 26031339000000032816492                  000010000002400000002402626079421          260082005                    2026091820280930444444444428045137   0000000000000000000000000000000Y101000000004              000004415741     0000000000000014400000000
41.30 26031339000000032816492                  000010000002400000002402626079421          260082005                    2026091820280930384110027202578639   0000000000000000000000000000000Y101000000004              000004415741     0000000000000014400000000
41.30 26031339000000032816492                  000010000002400000002402626079421          260082005                    2026091820280930384110027202579216   0000000000000000000000000000000Y101000000004              000004415741     0000000000000014400000000
41.30 26031339000000032816492                  000010000002400000002402626079421          260082005                    2026091820280930384110027202578646   0000000000000000000000000000000Y101000000004              000004415741     0000000000000014400000000
41.30 26031339000000032816492                  000010000002400000002402626079421          260082005                    2026091820280930384110027202578684   0000000000000000000000000000000Y101000000004              000004415741     0000000000000014400000000
41.30 26031339000000032816492                  000010000002400000002402626079421          260082005                    2026091820280930384110027202578721   0000000000000000000000000000000Y101000000004              000004415741     0000000000000014400000000
41.30 26031339000000032816492                  000010000002400000002402626079421          260082005                    2026091820280930384110027202578783   0000000000000000000000000000000Y101000000004              000004415741     0000000000000014400000000
41.30 26031339000000032816492                  000010000002400000002402626079421          260082005                    2026091820280930384110027202578707   0000000000000000000000000000000Y101000000004              000004415741     0000000000000014400000000
41.30 26031339000000032816492                  000010000002400000002402626079421          260082005                    2026091820280930384110027202578752   0000000000000000000000000000000Y101000000004              000004415741     0000000000000014400000000
41.30 26031339000000032816492                  000010000002400000002402626079421          260082005                    2026091820280930384110027202578745   0000000000000000000000000000000Y101000000004              000004415741     0000000000000014400000000
41.30 26031339000000032816492                  000010000002400000002402626079421          260082005                    2026091820280930384110027202578790   0000000000000000000000000000000Y101000000004              000004415741     0000000000000014400000000
41.30 26031339000000032816492                  000010000002400000002402626079421          260082005                    2026091820280930384110027202578660   0000000000000000000000000000000Y101000000004              000004415741     0000000000000014400000000
41.30 26031339000000032816492                  000010000002400000002402626079421          260082005                    2026091820280930384110027202578714   0000000000000000000000000000000Y101000000004              000004415741     0000000000000014400000000
41.30 26031339000000032816492                  000010000002400000002402626079421          260082005                    2026091820280930384110027202579186   0000000000000000000000000000000Y101000000004              000004415741     0000000000000014400000000
41.30 26031339000000032816492                  000010000002400000002402626079421          260082005                    2026091820280930384110027202579261   0000000000000000000000000000000Y101000000004              000004415741     0000000000000014400000000
41.30 26031339000000032816492                  000010000002400000002402626079421          260082005                    2026091820280930384110027202579124   0000000000000000000000000000000Y101000000004              000004415741     0000000000000014400000000
41.30 26031339000000032816492                  000010000002400000002402626079421          260082005                    2026091820280930384110027202579209   0000000000000000000000000000000Y101000000004              000004415741     0000000000000014400000000
41.30 26031339000000032816492                  000010000002400000002402626079421          260082005                    2026091820280930384110027202578561   0000000000000000000000000000000Y101000000004              000004415741     0000000000000014400000000
41.30 26031339000000032816492                  000010000002400000002402626079421          260082005                    2026091820280930384110027202578882   0000000000000000000000000000000Y101000000004              000004415741     0000000000000014400000000
41.30 26031339000000032816492                  000010000002400000002402626079421          260082005                    2026091820280930384110027202578967   0000000000000000000000000000000Y101000000004              000004415741     0000000000000014400000000
41.30 26031339000000032816492                  000010000002400000002402626079421          260082005                    2026091820280930384110027202578806   0000000000000000000000000000000Y101000000004              000004415741     0000000000000014400000000
41.30 26031339000000032816492                  000010000002400000002402626079421          260082005                    2026091820280930384110027202578875   0000000000000000000000000000000Y101000000004              000004415741     0000000000000014400000000
41.30 26031339000000032816492                  000010000002400000002402626079421          260082005                    2026091820280930384110027202578936   0000000000000000000000000000000Y101000000004              000004415741     0000000000000014400000000
41.30 26031339000000032816492                  000010000002400000002402626079421          260082005                    2026091820280930384110027202578844   0000000000000000000000000000000Y101000000004              000004415741     0000000000000014400000000
41.30 26031339000000032816492                  000010000002400000002402626079421          260082005                    2026091820280930384110027202578905   0000000000000000000000000000000Y101000000004              000004415741     0000000000000014400000000
41.30 26031339000000032816492                  000010000002400000002402626079421          260082005                    2026091820280930384110027202579018   0000000000000000000000000000000Y101000000004              000004415741     0000000000000014400000000
41.30 26031339000000032816492                  000010000002400000002402626079421          260082005                    2026091820280930384110027202579100   0000000000000000000000000000000Y101000000004              000004415741     0000000000000014400000000
41.30 26031339000000032816492                  000010000002400000002402626079421          260082005                    2026091820280930384110027202578950   0000000000000000000000000000000Y101000000004              000004415741     0000000000000014400000000
41.30 26031339000000032816492                  000010000002400000002402626079421          260082005                    2026091820280930384110027202579032   0000000000000000000000000000000Y101000000004              000004415741     0000000000000014400000000
41.30 26031339000000032816492                  000010000002400000002402626079421          260082005                    2026091820280930384110027202579438   0000000000000000000000000000000Y101000000004              000004415741     0000000000000014400000000
41.30 26031339000000032816492                  000010000002400000002402626079421          260082005                    2026091820280930384110027202579384   0000000000000000000000000000000Y101000000004              000004415741     0000000000000014400000000
41.30 26031339000000032816492                  000010000002400000002402626079421          260082005                    2026091820280930384110027202579711   0000000000000000000000000000000Y101000000004              000004415741     0000000000000014400000000
41.30 26031339000000032816492                  000010000002400000002402626079421          260082005                    2026091820280930384110027202579650   0000000000000000000000000000000Y101000000004              000004415741     0000000000000014400000000
41.30 26031339000000032816492                  000010000002400000002402626079421          260082005                    2026091820280930384110027202579629   0000000000000000000000000000000Y101000000004              000004415741     0000000000000014400000000
41.30 26031339000000032816492                  000010000002400000002402626079421          260082005                    2026091820280930384110027202579643   0000000000000000000000000000000Y101000000004              000004415741     0000000000000014400000000
41.30 26031339000000032816492                  000010000002400000002402626079421          260082005                    2026091820280930384110027202579445   0000000000000000000000000000000Y101000000004              000004415741     0000000000000014400000000
41.30 26031339000000032816492                  000010000002400000002402626079421          260082005                    2026091820280930384110027202579513   0000000000000000000000000000000Y101000000004              000004415741     0000000000000014400000000
41.30 26031339000000032816492                  000010000002400000002402626079421          260082005                    2026091820280930384110027202579353   0000000000000000000000000000000Y101000000004              000004415741     0000000000000014400000000
41.30 26031339000000032816492                  000010000002400000002402626079421          260082005                    2026091820280930384110027202579285   0000000000000000000000000000000Y101000000004              000004415741     0000000000000014400000000
41.30 26031339000000032816492                  000010000002400000002402626079421          260082005                    2026091820280930384110027202579360   0000000000000000000000000000000Y101000000004              000004415741     0000000000000014400000000
41.30 26031339000000032816492                  000010000002400000002402626079421          260082005                    2026091820280930444444444428043263   0000000000000000000000000000000Y101000000004              000004415741     0000000000000014400000000
41.30 26031339000000032816492                  000010000002400000002402626079421          260082005                    2026091820280930444444444428045144   0000000000000000000000000000000Y101000000004              000004415741     0000000000000014400000000
41.30 26031339000000032816492                  000010000002400000002402626079421          260082005                    2026091820280930384110027202578387   0000000000000000000000000000000D016012310004              000004415741     0000000000000014400000000
41.30 26031339000000032816492                  000010000002400000002402626079421          260082005                    2026091820280930384110027202578417   0000000000000000000000000000000D013007710004              000004415741     0000000000000014400000000
41.30 26031339000000032816492                  000010000002400000002402626079421          260082005                    2026091820280930384110027202578998   0000000000000000000000000000000D012008610004              000004415741     0000000000000014400000000
41.30 26031339000000032816492                  000010000002400000002402626079421          260082005                    2026091820280930384110027202579605   0000000000000000000000000000000Y101000000004              000004415741     0000000000000014400000000
41.30 26031339000000032816492                  000010000002400000002402626079421          260082005                    2026091820280930384110027202579414   0000000000000000000000000000000Y101000000004              000004415741     0000000000000014400000000
41.30 26031339000000032816492                  000010000002400000002402626079421          260082005                    2026091820280930384110027202579636   0000000000000000000000000000000Y101000000004              000004415741     0000000000000014400000000
41.30 26031339000000032816492                  000010000002400000002402626079421          260082005                    2026091820280930384110027202579698   0000000000000000000000000000000Y101000000004              000004415741     0000000000000014400000000
41.30 26031339000000032816492                  000010000002400000002402626079421          260082005                    2026091820280930384110027202579599   0000000000000000000000000000000Y101000000004              000004415741     0000000000000014400000000
41.30 26031339000000032816492                  000010000002400000002402626079421          260082005                    2026091820280930384110027202579469   0000000000000000000000000000000Y101000000004              000004415741     0000000000000014400000000
41.30 26031339000000032816492                  000010000002400000002402626079421          260082005                    2026091820280930384110027202579094   0000000000000000000000000000000Y101000000004              000004415741     0000000000000014400000000
41.30 26031339000000032816492                  000010000002400000002402626079421          260082005                    2026091820280930384110027202579179   0000000000000000000000000000000Y101000000004              000004415741     0000000000000014400000000
41.30 26031339000000032816492                  000010000002400000002402626079421          260082005                    2026091820280930384110027202579315   0000000000000000000000000000000Y101000000004              000004415741     0000000000000014400000000
41.30 26031339000000032816492                  000010000002400000002402626079421          260082005                    2026091820280930384110027202579407   0000000000000000000000000000000Y101000000004              000004415741     0000000000000014400000000
41.30 26031339000000032816492                  000010000002400000002402626079421          260082005                    2026091820280930384110027202579056   0000000000000000000000000000000Y101000000004              000004415741     0000000000000014400000000
41.30 26031339000000032816492                  000010000002400000002402626079421          260082005                    2026091820280930384110027202579131   0000000000000000000000000000000Y101000000004              000004415741     0000000000000014400000000
41.30 26031339000000032816492                  000010000002400000002402626079421          260082005                    2026091820280930384110027202579520   0000000000000000000000000000000Y101000000004              000004415741     0000000000000014400000000
41.30 26031339000000032816492                  000010000002400000002402626079421          260082005                    2026091820280930384110027202579490   0000000000000000000000000000000Y101000000004              000004415741     0000000000000014400000000
41.30 26031339000000032816492                  000010000002400000002402626079421          260082005                    2026091820280930444444444428045151   0000000000000000000000000000000Y101000000004              000004415741     0000000000000014400000000
41.99 26031339000000032816492                  00010006600000660000001                                                                                                                                                                                          
41.00 26031523000000032902963                            001STD1004000742620310  *             202609210247202609180645202609180716173G13688                                                                          00000000   1                              
41.01 26031523000000032902963                                                                         00000000                            20260915                       00000000RF6987106                                                                      
41.20 26031523000000032902963                  00002004              000023800733     00000001152CAJ                 0000000   000001152000000000000000000   000000000   0000000002027063010000000000020260918251                 2600820120               00024
41.21 26031523000000032902963                  00002                                                       0000000008480010200744                  000000000   000000000                        00000000000                                                     
41.30 26031523000000032902963                  00002000001152000000024251                 260082012                    2026091820270630444444444428045687   0000000000000000000000000000000Y173000000004              000023800733     0000000000002592000000000
41.20 26031523000000032902963                  00003004              000025208182     00000000864CAJ                 0000000   000000864000000000000000000   000000000   0000000002027073010000000000020260918198                 2600820100               00012
41.21 26031523000000032902963                  00003                                                       0000000008480010208061                  000000000   000000000                        00000000000                                                     
41.30 26031523000000032902963                  00003000000768000000012198                 260082010                    2026091820270730444444444428045731   00000000000000000000000000000001023000440004              000025208182     0000000000000768000000000
41.30 26031523000000032902963                  00003000000096000000012198                 260082010                    2026091820270730444444444428045663   0000000000000000000000000000000Y173000000004              000025208182     0000000000000096000000000
41.20 26031523000000032902963                  00004004              000025208190     00000000504CAJ                 0000000   000000504000000000000000000   000000000   0000000002027093010000000000020260918245                 2600820110               00006
41.21 26031523000000032902963                  00004                                                       0000000008480010208078                  000000000   000000000                        00000000000                                                     
41.30 26031523000000032902963                  00004000000072000000006245                 260082011                    2026091820270930444444444428045724   00000000000000000000000000000001024006740004              000025208190     0000000000000324000000000
41.30 26031523000000032902963                  00004000000432000000006245                 260082011                    2026091820270930444444444428045717   00000000000000000000000000000001023001650004              000025208190     0000000000001944000000000
41.20 26031523000000032902963                  00005004              000025208208     00000000504CAJ                 0000000   000000504000000000000000000   000000000   0000000002027073010000000000020260918210                 2600742060               00006
41.21 26031523000000032902963                  00005                                                       0000000008480010208085                  000000000   000000000                        00000000000                                                     
41.30 26031523000000032902963                  00005000000072000000006210                 260074206                    2026091820270730444444444428045700   0000000000000000000000000000000Y173000000004              000025208208     0000000000000324000000000
41.30 26031523000000032902963                  00005000000432000000006210                 260074206                    2026091820270730444444444428045694   00000000000000000000000000000001023002650004              000025208208     0000000000001944000000000
41.20 26031523000000032902963                  00007004              000025673377     00000001680CAJ                 0000000   000001680000000000000000000   000000000   0000000002027073010000000000020260918196                 2600820130               00020
41.21 26031523000000032902963                  00007                                                       0000000008480010212037                  000000000   000000000                        00000000000                                                     
41.30 26031523000000032902963                  00007000001680000000020196                 260082013                    2026091820270730444444444428045670   00000000000000000000000000000001006015120004              000025673377     0000000000002604000000000
41.20 26031523000000032902963                  00001004              000026398461     00000001540CAJ                 0000000   000001540000000000000000000   000000000   0000000002027083010000000000020260918236                 2600820160               00014
41.21 26031523000000032902963                  00001                                                       0000000008480010199796                  000000000   000000000                        00000000000                                                     
41.30 26031523000000032902963                  00001000001540000000014236                 260082016                    2026091820270830444444444428045649   00000000000000000000000000000001006011640004              000026398461     0000000000002376000000000
41.20 26031523000000032902963                  00006004              000026398479     00000001540CAJ                 0000000   000001540000000000000000000   000000000   0000000002027083010000000000020260918230                 2600820150               00014
41.21 26031523000000032902963                  00006                                                       0000000008480010208108                  000000000   000000000                        00000000000                                                     
41.30 26031523000000032902963                  00006000001540000000014230                 260082015                    2026091820270830444444444428045656   0000000000000000000000000000000Y173000000004              000026398479     0000000000002376000000000
41.99 26031523000000032902963                  00070001000005920000007                                                                                                                                                                                          
41.00 26031522000000032902959                            001STD1004000742620010  *             202609210255202609180645202609180718173G13670                                                                          00000000   1                              
41.01 26031522000000032902959                                                                         00000000                            20260915                       00000000RF6987106                                                                      
41.20 26031522000000032902959                  00001004              000019598747     00000000360CAJ                 0000000   000000360000000000000000000   000000000   0000000002027082710000000000020260918239                 2600820350               00006
41.21 26031522000000032902959                  00001                                                       0000000008411414012923                  000000000   000000000                        00000000000                                                     
41.30 26031522000000032902959                  00001000000360000000006239                 260082035                    2026091820270827444444444428045540   0000000000000000000000000000000Y173000000004              000019598747     0000000000001680000000000
41.99 26031522000000032902959                  00010000100000600000001                                                                                                                                                                                          
41.00 26031848000000032953141                            001STD1004000030930011  *             202609220243202609180740202609180718161218667368                                                                       00000000   18410036030001                 
41.01 26031848000000032953141                                                                         00000000                            20260918                       00000000RF6987112                                                                      
41.20 26031848000000032953141                  00001004              000010478667     00000000180CAJ                 0000000   000000180000000000000000000   000000000   0000000000000000010000000000020260429240001241J08000100$12600820300     1         00001
41.21 26031848000000032953141                  00001                                                       0000000008410036800482                  000000000   000000000                        00000000000                                                     
41.30 26031848000000032953141                  00001000000180000000001240001241J08000100$1260082030                    2026042900000000484100369105827415   00000000000000000000000000000001011004850004              000010478667     0000000000002970000000000
41.20 26031848000000032953141                  00002004              000010478675     00000000288CAJ                 0000000   000000288000000000000000000   000000000   0000000000000000010000000000020260715240001341J01000100$12500546330               00006
41.21 26031848000000032953141                  00002                                                       0000000008410036800499                  000000000   000000000                        00000000000                                                     
41.30 26031848000000032953141                  00002000000288000000006240001341J01000100$1250054633                    2026071500000000184100360656383930   00000000000000000000000000000001013003030004              000010478675     0000000000004886400000000
41.20 26031848000000032953141                  00003004              000010478691     00000000288CAJ                 0000000   000000288000000000000000000   000000000   0000000000000000010000000000020260223240001341J01000100$12501170390               00006
41.21 26031848000000032953141                  00003                                                       0000000008410036800512                  000000000   000000000                        00000000000                                                     
41.30 26031848000000032953141                  00003000000288000000006240001341J01000100$1250117039                    2026022300000000184100360656267315   00000000000000000000000000000001014005430004              000010478691     0000000000004886400000000
41.20 26031848000000032953141                  00004004              000010478709     00000000288CAJ                 0000000   000000288000000000000000000   000000000   0000000000000000010000000000020251023240001341J25000100$12600380720               00006
41.21 26031848000000032953141                  00004                                                       0000000008410036800529                  000000000   000000000                        00000000000                                                     
41.30 26031848000000032953141                  00004000000288000000006240001341J25000100$1260038072                    2025102300000000184100360655143207   0000000000000000000000000000000Y161000000004              000010478709     0000000000004886400000000
41.99 26031848000000032953141                  00040000400003240000004                                                                                                                                                                                          
41.00 26031541000000032903041                            001STD1004000660820011  *             202609210236202609180645202609180719173820456                                                                          00000000   1                              
41.01 26031541000000032903041                                                                         00000000                            20260915                       00000000RF6987106                                                                      
41.20 26031541000000032903041                  00001004              000025002015     00000000432CAJ                 0000000   000000432000000000000000000   000000000   0000000000000000010000000000020260918180926              2600820170               00006
41.21 26031541000000032903041                  00001                                                       0000000003179075025878                  000000000   000000000                        00000000000                                                     
41.30 26031541000000032903041                  00001000000432000000006180926              260082017                    2026091800000000444444444428045632   0000000000000000000000000000000Y173000000004              000025002015     0000000000006192000000000
41.20 26031541000000032903041                  00002004              000025614140     00000000204CAJ                 0000000   000000204000000000000000000   000000000   0000000000000000010000000000020260918LC5287              2600820090               00006
41.21 26031541000000032903041                  00002                                                       0000000008002235006576                  000000000   000000000                        00000000000                                                     
41.30 26031541000000032903041                  00002000000204000000006LC5287              260082009                    2026091800000000444444444428035602   00000000000000000000000000000001011011650004              000025614140     0000000000003151800000000
41.20 26031541000000032903041                  00003004              000025644824     00000000204CAJ                 0000000   000000000000000000000000000   000000000   0000000000000000010000000000000000000                    0000000000               00006
41.21 26031541000000032903041                  00003                                                       0000000008002235845052                  000000000   000000000                        00000000000                                                     
41.99 26031541000000032903041                  00030000200001060000002                                                                                                                                                                                          
41.00 26031542000000032903045                            001STD1004000660820011  *             202609210305202609180645202609180720173820455                                                                          00000000   1                              
41.01 26031542000000032903045                                                                         00000000                            20260914                       00000000RF6987106                                                                      
41.20 26031542000000032903045                  00001004              000021005996     00000000600CAJ                 0000000   000000600000000000000000000   000000000   0000000000000000010000000000020260918285                 2600820190               00006
41.21 26031542000000032903045                  00001                                                       0000000004044551060812                  000000000   000000000                        00000000000                                                     
41.30 26031542000000032903045                  00001000000600000000006285                 260082019                    2026091800000000444444444428045625   0000000000000000000000000000000Y173000000004              000021005996     0000000000006900000000000
41.99 26031542000000032903045                  00010000100001000000001                                                                                                                                                                                          
41.00 26031849000000032953158                            001STD1004000030931111  *             202609220243202609180740202609180720161218667369                                                                       00000000   18410036030001                 
41.01 26031849000000032953158                                                                         00000000                            20260918                       00000000RF6987112                                                                      
41.20 26031849000000032953158                  00001004              000015254980     00000001152CAJ                 0000000   000001152000000000000000000   000000000   0000000000000000010000000000020260909240400050C89000800$12600820290               00006
41.21 26031849000000032953158                  00001                                                       0000000008006220001669                  000000000   000000000                        00000000000                                                     
41.30 26031849000000032953158                  00001000000408000000006240400050C89000800$1260082029                    2026090900000000484100369105827187   0000000000000000000000000000000Y161000000004              000015254980     0000000000006256000000000
41.30 26031849000000032953158                  00001000000408000000006240400050C89000800$1260082029                    2026090900000000484100369105828481   0000000000000000000000000000000Y161000000004              000015254980     0000000000006256000000000
41.30 26031849000000032953158                  00001000000336000000006240400050C89000800$1260082029                    2026090900000000484100369105830422   00000000000000000000000000000001011005060004              000015254980     0000000000005152000000000
41.99 26031849000000032953158                  00010000300001920000001                                                                                                                                                                                          
41.00 26030906000000032720001                            001STD1004000130930308  *             20260916022320260918064520260918072017332720001                                                                        00000000   1                              
41.01 26030906000000032720001                                                                         00000000                            20260909                       00000000RF6987106                                                                      
41.20 26030906000000032720001                  00001004              000024277998     00000000096CAJ                 0000000   000000096000000000000000000   000000000   00000000020300715100000000000202609185196                2600820200     1         00001
41.21 26030906000000032720001                  00001                                                       0000000008480010203400                  000000000   000000000                        00000000000                                                     
41.30 26030906000000032720001                  000010000000960000000015196                260082020                    2026091820300715444444444428045618   0000000000000000000000000000000A001000100004              000024277998     0000000000000307200000000
41.99 26030906000000032720001                  00010000100000960000001                                                                                                                                                                                          
41.21 26031385000000032824274                  00004                                                       0000000008480010112252                  000000000   000000000                        00000000000                                                     
41.30 26031385000000032824274                  0000400000064800000001266241               260082034                    2026091820290829384105160718074580   0000000000000000000000000000000Y201000000004              000000349183     0000000000006696000000000
41.30 26031385000000032824274                  0000400000064800000001266241               260082034                    2026091820290829384105160718075099   0000000000000000000000000000000Y201000000004              000000349183     0000000000006696000000000
41.30 26031385000000032824274                  0000400000064800000001266241               260082034                    2026091820290829384105160718075006   0000000000000000000000000000000Y201000000004              000000349183     0000000000006696000000000
41.30 26031385000000032824274                  0000400000064800000001266241               260082034                    2026091820290829384105160718074672   00000000000000000000000000000001019003260004              000000349183     0000000000006696000000000
41.30 26031385000000032824274                  0000400000064800000001266241               260082034                    2026091820290829384105160718074702   00000000000000000000000000000001019004260004              000000349183     0000000000006696000000000
41.30 26031385000000032824274                  0000400000064800000001266241               260082034                    2026091820290829384105160718074757   00000000000000000000000000000001019006860004              000000349183     0000000000006696000000000
41.20 26031385000000032824274                  00007004              000000367409     00000005472CAJ                 0000000   000005472000000000000000000   000000000   000000000202906301000000000002026091866181               2600722910               00024
41.21 26031385000000032824274                  00007                                                       0000000008480010112283                  000000000   000000000                        00000000000                                                     
41.30 26031385000000032824274                  0000700000182400000002466181               260072291                    2026091820290630384105160717816570   00000000000000000000000000000001019001160004              000000367409     0000000000009120000000000
41.30 26031385000000032824274                  0000700000182400000002466181               260072291                    2026091820290630384105160717816617   00000000000000000000000000000001019002360004              000000367409     0000000000009120000000000
41.30 26031385000000032824274                  0000700000182400000002466181               260072291                    2026091820290630384105160717816914   00000000000000000000000000000001019003760004              000000367409     0000000000009120000000000
41.20 26031385000000032824274                  00008004              000002685840     00000002880CAJ                 0000000   000002880000000000000000000   000000000   000000000202909071000000000002026091866195               2600678160               00024
41.21 26031385000000032824274                  00008                                                       0000000008480010112221                  000000000   000000000                        00000000000                                                     
41.30 26031385000000032824274                  0000800000144000000002466195               260067816                    2026091820290714384105160717863864   00000000000000000000000000000001019000530004              000002685840     0000000000007440000000000
41.30 26031385000000032824274                  0000800000144000000002466250               260082022                    2026091820290907384105160718111827   00000000000000000000000000000001019001330004              000002685840     0000000000007440000000000
41.20 26031385000000032824274                  00009004              000002685857     00000005000CAJ                 0000000   000005000000000000000000000   000000000   000000000202908101000000000002026091866222               2600760010               00020
41.21 26031385000000032824274                  00009                                                       0000000008480010112306                  000000000   000000000                        00000000000                                                     
41.30 26031385000000032824274                  0000900000100000000002066222               260076001                    2026091820290810384105160717993257   0000000000000000000000000000000Y201000000004              000002685857     0000000000005200000000000
41.30 26031385000000032824274                  0000900000100000000002066222               260076001                    2026091820290810384105160717993578   0000000000000000000000000000000Y201000000004              000002685857     0000000000005200000000000
41.30 26031385000000032824274                  0000900000100000000002066222               260076001                    2026091820290810384105160717993769   0000000000000000000000000000000Y201000000004              000002685857     0000000000005200000000000
41.30 26031385000000032824274                  0000900000100000000002066222               260076001                    2026091820290810384105160717994735   0000000000000000000000000000000Y201000000004              000002685857     0000000000005200000000000
41.30 26031385000000032824274                  0000900000100000000002066222               260076001                    2026091820290810384105160717993677   0000000000000000000000000000000Y201000000004              000002685857     0000000000005200000000000
41.20 26031385000000032824274                  00010004              000016717787     00000001400CAJ                 0000000   000001400000000000000000000   000000000   000000000202908111000000000002026091866223               2600760190               00020
41.21 26031385000000032824274                  00010                                                       0000000008480010112313                  000000000   000000000                        00000000000                                                     
41.30 26031385000000032824274                  0001000000140000000002066223               260076019                    2026091820290811384105160717998016   00000000000000000000000000000001020004740004              000016717787     0000000000007210000000000
41.20 26031385000000032824274                  00011004              000016717811     00000001680CAJ                 0000000   000001680000000000000000000   000000000   000000000202908271000000000002026091866239               2600820250               00020
41.21 26031385000000032824274                  00011                                                       0000000008480010073324                  000000000   000000000                        00000000000                                                     
41.30 26031385000000032824274                  0001100000168000000002066239               260082025                    2026091820290827384105160718065953   0000000000000000000000000000000Y201000000004              000016717811     0000000000008988000000000
41.20 26031385000000032824274                  00006004              000021792445     00000002240CAJ                 0000000   000002240000000000000000000   000000000   000000000202909011000000000002026091866244               2600820330               00016
41.21 26031385000000032824274                  00006                                                       0000000008480010112245                  000000000   000000000                        00000000000                                                     
41.30 26031385000000032824274                  0000600000112000000001666244               260082033                    2026091820290901384105160718089577   0000000000000000000000000000000Y201000000004              000021792445     0000000000005880000000000
41.30 26031385000000032824274                  0000600000112000000001666244               260082033                    2026091820290901384105160718088037   00000000000000000000000000000001020000690004              000021792445     0000000000005880000000000
41.20 26031385000000032824274                  00012004              000023781263     00000003200CAJ                 0000000   000003200000000000000000000   000000000   000000000202907281000000000002026091866209               2600820310               00010
41.21 26031385000000032824274                  00012                                                       0000000008480010074000                  000000000   000000000                        00000000000                                                     
41.30 26031385000000032824274                  0001200000080000000001066209               260082031                    2026091820290728384105160717934076   0000000000000000000000000000000Y201000000004              000023781263     0000000000004240000000000
41.30 26031385000000032824274                  0001200000080000000001066209               260082031                    2026091820290728384105160717934038   0000000000000000000000000000000Y201000000004              000023781263     0000000000004240000000000
41.30 26031385000000032824274                  0001200000080000000001066209               260082031                    2026091820290728384105160717934205   0000000000000000000000000000000Y201000000004              000023781263     0000000000004240000000000
41.30 26031385000000032824274                  0001200000080000000001066209               260082031                    2026091820290728384105160717933680   00000000000000000000000000000001020001690004              000023781263     0000000000004240000000000
41.20 26031385000000032824274                  00005004              000024055634     00000002688CAJ                 0000000   000002688000000000000000000   000000000   000000000202908241000000000002026091866236               2600820240               00016
41.21 26031385000000032824274                  00005                                                       0000000008480010112207                  000000000   000000000                        00000000000                                                     
41.30 26031385000000032824274                  0000500000134400000001666236               260082024                    2026091820290824384105160718050522   00000000000000000000000000000001019003530004              000024055634     0000000000006946800000000
41.30 26031385000000032824274                  0000500000134400000001666211               260082028                    2026091820290730384105160717945225   0000000000000000000000000000000Y201000000004              000024055634     0000000000006946800000000
41.20 26031385000000032824274                  00002004              000024055675     00000000960CAJ                 0000000   000000960000000000000000000   000000000   000000000202908221000000000002026091866234               2600820320               00016
41.21 26031385000000032824274                  00002                                                       0000000008480010112290                  000000000   000000000                        00000000000                                                     
41.30 26031385000000032824274                  0000200000096000000001666234               260082032                    2026091820290822384105160718045283   0000000000000000000000000000000Y201000000004              000024055675     0000000000004998000000000
41.20 26031385000000032824274                  00013004              000026982702     00000000336CAJ                 0000000   000000336000000000000000000   000000000   000000000202908311000000000002026091866243               2600820210               00084
41.21 26031385000000032824274                  00013                                                       0000000008480010269109                  000000000   000000000                        00000000000                                                     
41.30 26031385000000032824274                  0001300000008400000008466243               260082021                    2026091820290831384105160718081250   0000000000000000000000000000000D008006610004              000026982702     0000000000000858000000000
41.30 26031385000000032824274                  0001300000008400000008402784800102691081529260025377                    2026091820290831444444444428047124   0000000000000000000000000000000D012013410004              000026982702     0000000000000858000000000
41.30 26031385000000032824274                  0001300000008400000008402784800102691081529260025377                    2026091820290831444444444428047117   0000000000000000000000000000000D008006310004              000026982702     0000000000000858000000000
41.30 26031385000000032824274                  0001300000008400000008466243               260082021                    2026091820290831384105160718081755   0000000000000000000000000000000D008006310004              000026982702     0000000000000858000000000
41.99 26031385000000032824274                  00130003600021320000013                                                                                                                                                                                          
41.00 26031230000000032777051                            001STD1004000928180010  *             202609210216202609180745202609180746113724                                                                             00000000   1                              
41.01 26031230000000032777051                                                                         00000000                            20260918                       00000000RF6987113                                                                      
41.20 26031230000000032777051                  00001004              000025596305     00000000576CAJ                 0000000   000000576000000000000000000   000000000   000000000202701091000000000002026091825426               2600820800               00012
41.21 26031230000000032777051                  00001                                                       0000000008411257001337                  000000000   000000000                        00000000000                                                     
41.30 26031230000000032777051                  0000100000057600000001225426               260082080                    2026091820270109444444444428046868   0000000000000000000000000000000Y113000000004              000025596305     0000000000001824000000000
41.99 26031230000000032777051                  00010000100000480000001                                                                                                                                                                                          
41.00 26030709000000030412123                            001STD1004000601818510  *             202609180207202609180745202609180747113024885                                                                          00000000   1                              
41.01 26030709000000030412123                                                                         00000000                            20260918                       00000000RF6987113                                                                      
41.20 26030709000000030412123                  00002004              000026607432     00000000320CAJ                 0000000   000000320000000000000000000   000000000   0000000002028011810000000000020260918280118              2600820530               00008
41.21 26030709000000030412123                  00002                                                       0000000008480010255119                  000000000   000000000                        00000000000                                                     
41.30 26030709000000030412123                  00002000000320000000008280118              260082053                    2026091820280118484114720005402301   0000000000000000000000000000000Y113000000004              000026607432     0000000000003300000000000
41.20 26030709000000030412123                  00003004              000026607440     00000000320CAJ                 0000000   000000320000000000000000000   000000000   0000000002028020410000000000020260918280204              2600820520               00008
41.21 26030709000000030412123                  00003                                                       0000000008480010255522                  000000000   000000000                        00000000000                                                     
41.30 26030709000000030412123                  00003000000320000000008280204              260082052                    2026091820280204484114720005479372   0000000000000000000000000000000Y113000000004              000026607440     0000000000003300000000000
41.20 26030709000000030412123                  00001004              000027014729     00000000576CAJ                 0000000   000000576000000000000000000   000000000   0000000002027102710000000000020260918271027              2600713640               00012
41.21 26030709000000030412123                  00001                                                       0000000008480010255065                  000000000   000000000                        00000000000                                                     
41.30 26030709000000030412123                  00001000000576000000012271027              260071364                    2026091820271027444444444428046882   0000000000000000000000000000000Y113000000004              000027014729     0000000000003009600000000
41.99 26030709000000030412123                  00030000300001280000003                                                                                                                                                                                          
41.00 26030861000000032144677                            001STD1004000601818510  *             20260918021320260918074520260918074911324868                                                                           00000000   1                              
41.01 26030861000000032144677                                                                         00000000                            20260918                       00000000RF6987113                                                                      
41.20 26030861000000032144677                  00001004              000026607465     00000001944CAJ                 0000000   000001944000000000000000000   000000000   0000000002027082110000000000020260918270821              2600820360               00012
41.21 26030861000000032144677                  00001                                                       0000000008480010255768                  000000000   000000000                        00000000000                                                     
41.30 26030861000000032144677                  00001000001944000000012270821              260082036                    2026091820270821484114720004721489   00000000000000000000000000000001007010470004              000026607465     0000000000005443200000000
41.20 26030861000000032144677                  00002004              000026607473     00000001944CAJ                 0000000   000000060000000000000000000   000000000   0000000002027091110000000000020260918270911              2600820380               00012
41.21 26030861000000032144677                  00002                                                       0000000008480010255782                  000000000   000000000                        00000000000                                                     
41.30 26030861000000032144677                  00002000000060000000012270911              260082038                    2026091820270911484114720004834738   0000000000000000000000000000000Y113000000004              000026607473     0000000000000168000000000
41.99 26030861000000032144677                  00020000200001670000002                                                                                                                                                                                          
41.00 26030874000000032547646                            001STD1004000251718508  *             202609180213202609180745202609180750113700236311                                                                       00000000   1                              
41.01 26030874000000032547646                                                                         00000000                            20260918                       00000000RF6987113                                                                      
41.20 26030874000000032547646                  00001004              000017570581     00000000522CAJ                 0000000   000000522000000000000000000   000000000   000000000202906121000000000002026091812/06/2029          2600654800               00006
41.21 26030874000000032547646                  00001                                                       0000000008480010177305                  000000000   000000000                        00000000000                                                     
41.30 26030874000000032547646                  0000100000052200000000612/06/2029          260065480                    2026091820290612384360261700186191   00000000000000000000000000000001004010460004              000017570581     0000000000001914000000000
41.20 26030874000000032547646                  00002004              000025960865     00000000300CAJ                 0000000   000000300000000000000000000   000000000   000000000202806261000000000002026091826/06/2028          2600820390               00006
41.21 26030874000000032547646                  00002                                                       0000000008480010214635                  000000000   000000000                        00000000000                                                     
41.30 26030874000000032547646                  0000200000030000000000626/06/2028          260082039                    2026091820280626384360261700186177   00000000000000000000000000000001008010350004              000025960865     0000000000001600000000000
41.20 26030874000000032547646                  00003004              000025960873     00000000300CAJ                 0000000   000000300000000000000000000   000000000   000000000202806151000000000002026091815/06/2028          2600654820               00006
41.21 26030874000000032547646                  00003                                                       0000000008480010214642                  000000000   000000000                        00000000000                                                     
41.30 26030874000000032547646                  0000300000030000000000615/06/2028          260065482                    2026091820280615384360261700186184   0000000000000000000000000000000Y113000000004              000025960873     0000000000001600000000000
41.20 26030874000000032547646                  00004004              000025960907     00000000600CAJ                 0000000   000000000000000000000000000   000000000   0000000000000000010000000000000000000                    0000000000               00006
41.21 26030874000000032547646                  00004                                                       0000000008480010214673                  000000000   000000000                        00000000000                                                     
41.99 26030874000000032547646                  00040000300001870000003                                                                                                                                                                                          
41.00 26031132000000032745843                            001STD1004000787600312  *             2026092102112026091808102026091807511731260134163                                                                      00000000   1                              
41.01 26031132000000032745843                                                                         00000000                            20260918                       00000000RF6987106                                                                      
41.20 26031132000000032745843                  00001004              000021805718     00000000720CAJ                 0000000   000000720000000000000000000   000000000   000000000202808171000000000002026091826229               2600820440               00012
41.21 26031132000000032745843                  00001                                                       0000000008480010191776                  000000000   000000000                        00000000000                                                     
41.30 26031132000000032745843                  0000100000072000000001226229               260082044                    2026091820280817444444444428045533   0000000000000000000000000000000Y173000000004              000021805718     0000000000006000000000000
41.20 26031132000000032745843                  00002004              000022222962     00000000720CAJ                 0000000   000000720000000000000000000   000000000   000000000203009181000000000002026091826254               2600820570               00012
41.21 26031132000000032745843                  00002                                                       0000000008480010192841                  000000000   000000000                        00000000000                                                     
41.30 26031132000000032745843                  0000200000072000000001226254               260082057                    2026091820300918984109310000011764   0000000000000000000000000000000Y173000000004              000022222962     0000000000007800000000000
41.20 26031132000000032745843                  00003004              000022222996     00000000720CAJ                 0000000   000000720000000000000000000   000000000   0000000002031091910000000000020260918133                 2600820810               00012
41.21 26031132000000032745843                  00003                                                       0000000008480010192858                  000000000   000000000                        00000000000                                                     
41.30 26031132000000032745843                  00003000000720000000012133                 260082081                    2026091820310919444444444428045489   0000000000000000000000000000000Y173000000004              000022222996     0000000000008280000000000
41.20 26031132000000032745843                  00004004              000023997844     00000000720CAJ                 0000000   000000720000000000000000000   000000000   000000000202808031000000000002026091826215               2600732980               00012
41.21 26031132000000032745843                  00004                                                       0000000008480010201628                  000000000   000000000                        00000000000                                                     
41.30 26031132000000032745843                  0000400000072000000001226215               260073298                    2026091820280803444444444428045526   0000000000000000000000000000000Y173000000004              000023997844     0000000000006060000000000
41.20 26031132000000032745843                  00005004              000023997885     00000000720CAJ                 0000000   000000720000000000000000000   000000000   000000000202808251000000000002026091826237               2600820650               00012
41.21 26031132000000032745843                  00005                                                       0000000008480010201642                  000000000   000000000                        00000000000                                                     
41.30 26031132000000032745843                  0000500000072000000001226237               260082065                    2026091820280825444444444428045502   0000000000000000000000000000000Y173000000004              000023997885     0000000000006264000000000
41.20 26031132000000032745843                  00006004              000024187668     00000000390CAJ                 0000000   000000390000000000000000000   000000000   000000000000000001000000000002026091826243               2600806130               00006
41.21 26031132000000032745843                  00006                                                       0000000008480010202915                  000000000   000000000                        00000000000                                                     
41.30 26031132000000032745843                  0000600000039000000000626243               260080613                    2026091800000000184109310000031001   0000000000000000000000000000000Y173000000004              000024187668     0000000000008580000000000
41.20 26031132000000032745843                  00007004              000024187726     00000001170CAJ                 0000000   000001170000000000000000000   000000000   000000000000000001000000000002026091826254               2600820510               00006
41.21 26031132000000032745843                  00007                                                       0000000008480010202939                  000000000   000000000                        00000000000                                                     
41.30 26031132000000032745843                  0000700000039000000000626254               260082051                    2026091800000000184109310000088975   0000000000000000000000000000000Y173000000004              000024187726     0000000000000650000000000
41.30 26031132000000032745843                  0000700000039000000000626254               260082051                    2026091800000000184109310000088951   0000000000000000000000000000000Y173000000004              000024187726     0000000000000650000000000
41.30 26031132000000032745843                  0000700000039000000000626254               260082051                    2026091800000000184109310000088968   0000000000000000000000000000000Y173000000004              000024187726     0000000000000650000000000
41.20 26031132000000032745843                  00008004              000025265075     00000000720CAJ                 0000000   000000720000000000000000000   000000000   000000000000000001000000000002026091826232               2600820590               00012
41.21 26031132000000032745843                  00008                                                       0000000008480010202410                  000000000   000000000                        00000000000                                                     
41.30 26031132000000032745843                  0000800000072000000001226232               260082059                    2026091800000000184109310000007785   0000000000000000000000000000000Y173000000004              000025265075     0000000000007872000000000
41.99 26031132000000032745843                  00080001000006200000008                                                                                                                                                                                          
41.00 26031340000000032816493                            001STD1004000003230011  *             2026091802462026091808302026091807521018117292578                                                                      00000000   18410100000008                 
41.01 26031340000000032816493                                                                         00000000                            20260918                       00000000RF6987105                                                                      
41.20 26031340000000032816493                  00001004              000004415741     00000015840CAJ                 0000000   000015840000000000000000000   000000000   00000000020280930100000000000202609182626079421          2600820050               00240
41.21 26031340000000032816493                  00001                                                       0000000003700123300014                  000000000   000000000                        00000000000                                                     
41.30 26031340000000032816493                  000010000002400000002402626079421          260082005                    2026091820280930384110027202579742   0000000000000000000000000000000Y101000000004              000004415741     0000000000000014400000000
41.30 26031340000000032816493                  000010000002400000002402626079421          260082005                    2026091820280930384110027202579780   0000000000000000000000000000000Y101000000004              000004415741     0000000000000014400000000
41.30 26031340000000032816493                  000010000002400000002402626079421          260082005                    2026091820280930384110027202579865   0000000000000000000000000000000Y101000000004              000004415741     0000000000000014400000000
41.30 26031340000000032816493                  000010000002400000002402626079421          260082005                    2026091820280930384110027202579889   0000000000000000000000000000000Y101000000004              000004415741     0000000000000014400000000
41.30 26031340000000032816493                  000010000002400000002402626079421          260082005                    2026091820280930384110027202580151   0000000000000000000000000000000Y101000000004              000004415741     0000000000000014400000000
41.30 26031340000000032816493                  000010000002400000002402626079421          260082005                    2026091820280930384110027202580205   0000000000000000000000000000000Y101000000004              000004415741     0000000000000014400000000
41.30 26031340000000032816493                  000010000002400000002402626079421          260082005                    2026091820280930444444444428045168   0000000000000000000000000000000Y101000000004              000004415741     0000000000000014400000000
41.30 26031340000000032816493                  000010000002400000002402626079421          260082005                    2026091820280930384110027202579841   0000000000000000000000000000000Y101000000004              000004415741     0000000000000014400000000
41.30 26031340000000032816493                  000010000002400000002402626079421          260082005                    2026091820280930384110027202579681   0000000000000000000000000000000Y101000000004              000004415741     0000000000000014400000000
41.30 26031340000000032816493                  000010000002400000002402626079421          260082005                    2026091820280930384110027202579735   0000000000000000000000000000000Y101000000004              000004415741     0000000000000014400000000
41.30 26031340000000032816493                  000010000002400000002402626079421          260082005                    2026091820280930384110027202579704   0000000000000000000000000000000Y101000000004              000004415741     0000000000000014400000000
41.30 26031340000000032816493                  000010000002400000002402626079421          260082005                    2026091820280930384110027202579766   0000000000000000000000000000000Y101000000004              000004415741     0000000000000014400000000
41.30 26031340000000032816493                  000010000002400000002402626079421          260082005                    2026091820280930384110027202579773   0000000000000000000000000000000Y101000000004              000004415741     0000000000000014400000000
41.30 26031340000000032816493                  000010000002400000002402626079421          260082005                    2026091820280930384110027202579797   0000000000000000000000000000000Y101000000004              000004415741     0000000000000014400000000
41.30 26031340000000032816493                  000010000002400000002402626079421          260082005                    2026091820280930384110027202580472   0000000000000000000000000000000Y101000000004              000004415741     0000000000000014400000000
41.30 26031340000000032816493                  0000100000024000000024000384110027202579919260082041                    2026091820280930384110027202580502   0000000000000000000000000000000Y101000000004              000004415741     0000000000000014400000000
41.30 26031340000000032816493                  000010000002400000002402626079421          260082005                    2026091820280930384110027202579919   0000000000000000000000000000000Y101000000004              000004415741     0000000000000014400000000
41.30 26031340000000032816493                  000010000002400000002402626079421          260082005                    2026091820280930384110027202579926   0000000000000000000000000000000Y101000000004              000004415741     0000000000000014400000000
41.30 26031340000000032816493                  000010000002400000002402626079421          260082005                    2026091820280930384110027202580182   0000000000000000000000000000000Y101000000004              000004415741     0000000000000014400000000
41.30 26031340000000032816493                  000010000002400000002402626079421          260082005                    2026091820280930384110027202580137   0000000000000000000000000000000Y101000000004              000004415741     0000000000000014400000000
41.30 26031340000000032816493                  000010000002400000002402626079421          260082005                    2026091820280930384110027202579971   0000000000000000000000000000000Y101000000004              000004415741     0000000000000014400000000
41.30 26031340000000032816493                  000010000002400000002402626079421          260082005                    2026091820280930384110027202579957   0000000000000000000000000000000Y101000000004              000004415741     0000000000000014400000000
41.30 26031340000000032816493                  000010000002400000002402626079421          260082005                    2026091820280930384110027202579940   0000000000000000000000000000000Y101000000004              000004415741     0000000000000014400000000
41.30 26031340000000032816493                  000010000002400000002402626079421          260082005                    2026091820280930384110027202579933   0000000000000000000000000000000Y101000000004              000004415741     0000000000000014400000000
41.30 26031340000000032816493                  000010000002400000002402626079421          260082005                    2026091820280930384110027202579858   0000000000000000000000000000000Y101000000004              000004415741     0000000000000014400000000
41.30 26031340000000032816493                  000010000002400000002402626079421          260082005                    2026091820280930384110027202579872   0000000000000000000000000000000Y101000000004              000004415741     0000000000000014400000000
41.30 26031340000000032816493                  000010000002400000002402626079421          260082005                    2026091820280930384110027202580618   0000000000000000000000000000000Y101000000004              000004415741     0000000000000014400000000
41.30 26031340000000032816493                  000010000002400000002402626079421          260082005                    2026091820280930384110027202580564   0000000000000000000000000000000Y101000000004              000004415741     0000000000000014400000000
41.30 26031340000000032816493                  000010000002400000002402626079421          260082005                    2026091820280930384110027202580519   0000000000000000000000000000000Y101000000004              000004415741     0000000000000014400000000
41.30 26031340000000032816493                  000010000002400000002402626079421          260082005                    2026091820280930384110027202580571   0000000000000000000000000000000Y101000000004              000004415741     0000000000000014400000000
41.30 26031340000000032816493                  000010000002400000002402626079421          260082005                    2026091820280930384110027202580274   0000000000000000000000000000000Y101000000004              000004415741     0000000000000014400000000
41.30 26031340000000032816493                  000010000002400000002402626079421          260082005                    2026091820280930384110027202580199   0000000000000000000000000000000Y101000000004              000004415741     0000000000000014400000000
41.30 26031340000000032816493                  000010000002400000002402626079421          260082005                    2026091820280930444444444428045175   0000000000000000000000000000000Y101000000004              000004415741     0000000000000014400000000
41.30 26031340000000032816493                  000010000002400000002402626079421          260082005                    2026091820280930384110027202580243   0000000000000000000000000000000Y101000000004              000004415741     0000000000000014400000000
41.30 26031340000000032816493                  000010000002400000002402626079421          260082005                    2026091820280930384110027202580212   0000000000000000000000000000000Y101000000004              000004415741     0000000000000014400000000
41.30 26031340000000032816493                  000010000002400000002402626079421          260082005                    2026091820280930384110027202580113   0000000000000000000000000000000Y101000000004              000004415741     0000000000000014400000000
41.30 26031340000000032816493                  000010000002400000002402626079421          260082005                    2026091820280930384110027202580168   0000000000000000000000000000000Y101000000004              000004415741     0000000000000014400000000
41.30 26031340000000032816493                  000010000002400000002402626079421          260082005                    2026091820280930384110027202580175   0000000000000000000000000000000Y101000000004              000004415741     0000000000000014400000000
41.30 26031340000000032816493                  000010000002400000002402626079421          260082005                    2026091820280930384110027202579964   0000000000000000000000000000000Y101000000004              000004415741     0000000000000014400000000
41.30 26031340000000032816493                  000010000002400000002402626079421          260082005                    2026091820280930384110027202580007   0000000000000000000000000000000Y101000000004              000004415741     0000000000000014400000000
41.30 26031340000000032816493                  000010000002400000002402626079421          260082005                    2026091820280930384110027202580533   0000000000000000000000000000000Y101000000004              000004415741     0000000000000014400000000
41.30 26031340000000032816493                  000010000002400000002402626079421          260082005                    2026091820280930384110027202580595   0000000000000000000000000000000Y101000000004              000004415741     0000000000000014400000000
41.30 26031340000000032816493                  000010000002400000002402626079421          260082005                    2026091820280930384110027202580694   0000000000000000000000000000000Y101000000004              000004415741     0000000000000014400000000
41.30 26031340000000032816493                  000010000002400000002402626079421          260082005                    2026091820280930384110027202580373   0000000000000000000000000000000Y101000000004              000004415741     0000000000000014400000000
41.30 26031340000000032816493                  000010000002400000002402626079421          260082005                    2026091820280930384110027202580335   0000000000000000000000000000000Y101000000004              000004415741     0000000000000014400000000
41.30 26031340000000032816493                  000010000002400000002402626079421          260082005                    2026091820280930384110027202580656   0000000000000000000000000000000Y101000000004              000004415741     0000000000000014400000000
41.30 26031340000000032816493                  000010000002400000002402626079421          260082005                    2026091820280930384110027202580267   0000000000000000000000000000000Y101000000004              000004415741     0000000000000014400000000
41.30 26031340000000032816493                  000010000002400000002402626079421          260082005                    2026091820280930444444444428045182   0000000000000000000000000000000Y101000000004              000004415741     0000000000000014400000000
41.30 26031340000000032816493                  0000100000024000000024000384110027202580281260082085                    2026091820280930384110027202580311   0000000000000000000000000000000Y101000000004              000004415741     0000000000000014400000000
41.30 26031340000000032816493                  000010000002400000002402626079421          260082005                    2026091820280930384110027202580588   0000000000000000000000000000000Y101000000004              000004415741     0000000000000014400000000
41.30 26031340000000032816493                  000010000002400000002402626079421          260082005                    2026091820280930384110027202580649   0000000000000000000000000000000Y101000000004              000004415741     0000000000000014400000000
41.30 26031340000000032816493                  000010000002400000002402626079421          260082005                    2026091820280930384110027202580014   0000000000000000000000000000000Y101000000004              000004415741     0000000000000014400000000
41.30 26031340000000032816493                  000010000002400000002402626079421          260082005                    2026091820280930384110027202580052   0000000000000000000000000000000Y101000000004              000004415741     0000000000000014400000000
41.30 26031340000000032816493                  000010000002400000002402626079421          260082005                    2026091820280930384110027202580281   0000000000000000000000000000000Y101000000004              000004415741     0000000000000014400000000
41.30 26031340000000032816493                  000010000002400000002402626079421          260082005                    2026091820280930384110027202580489   0000000000000000000000000000000Y101000000004              000004415741     0000000000000014400000000
41.30 26031340000000032816493                  000010000002400000002402626079421          260082005                    2026091820280930384110027202580526   0000000000000000000000000000000Y101000000004              000004415741     0000000000000014400000000
41.30 26031340000000032816493                  000010000002400000002402626079421          260082005                    2026091820280930384110027202580366   0000000000000000000000000000000Y101000000004              000004415741     0000000000000014400000000
41.30 26031340000000032816493                  000010000002400000002402626079421          260082005                    2026091820280930384110027202580397   0000000000000000000000000000000Y101000000004              000004415741     0000000000000014400000000
41.30 26031340000000032816493                  000010000002400000002402626079421          260082005                    2026091820280930384110027202580328   0000000000000000000000000000000Y101000000004              000004415741     0000000000000014400000000
41.30 26031340000000032816493                  000010000002400000002402626079421          260082005                    2026091820280930384110027202580342   0000000000000000000000000000000Y101000000004              000004415741     0000000000000014400000000
41.30 26031340000000032816493                  000010000002400000002402626079421          260082005                    2026091820280930384110027202580731   0000000000000000000000000000000Y101000000004              000004415741     0000000000000014400000000
41.30 26031340000000032816493                  000010000002400000002402626079421          260082005                    2026091820280930384110027202580700   0000000000000000000000000000000Y101000000004              000004415741     0000000000000014400000000
41.30 26031340000000032816493                  000010000002400000002402626079421          260082005                    2026091820280930384110027202580441   0000000000000000000000000000000Y101000000004              000004415741     0000000000000014400000000
41.30 26031340000000032816493                  000010000002400000002402626079421          260082005                    2026091820280930384110027202580632   0000000000000000000000000000000Y101000000004              000004415741     0000000000000014400000000
41.30 26031340000000032816493                  000010000002400000002402626079421          260082005                    2026091820280930444444444428045199   0000000000000000000000000000000Y101000000004              000004415741     0000000000000014400000000
41.30 26031340000000032816493                  000010000002400000002402626079421          260082005                    2026091820280930384110027202580687   0000000000000000000000000000000Y101000000004              000004415741     0000000000000014400000000
41.99 26031340000000032816493                  00010006600000660000001                                                                                                                                                                                          
41.00 26030719000000030412134                            001STD1004000044510308  *             2026092102002026091807452026091807521132601060256                                                                      00000000   18410813000005                 
41.01 26030719000000030412134                                                                         00000000                            20260918                       00000000RF6987113                                                                      
41.20 26030719000000030412134                  00003004              000012526406     00000000648CAJ                 0000000   000000648000000000000000000   000000000   00000000020300901100000000000202609188480010137125       2600820560               00006
41.21 26030719000000030412134                  00003                                                       0000000008480010137125                  000000000   000000000                        00000000000                                                     
41.30 26030719000000030412134                  000030000006480000000068480010137125       260082056                    2026091820300901184108131003120742   0000000000000000000000000000000Y113000000004              000012526406     0000000000007560000000000
41.20 26030719000000030412134                  00004004              000012970901     00000001026CAJ                 0000000   000001026000000000000000000   000000000   0000000002030082410000000000020260918001841081310031207282600820740               00006
41.21 26030719000000030412134                  00004                                                       0000000008480010009361                  000000000   000000000                        00000000000                                                     
41.30 26030719000000030412134                  0000400000102600000000600184108131003120728260082074                    2026091820300824444444444428046875   00000000000000000000000000000001007008660004              000012970901     0000000000007182000000000
41.20 26030719000000030412134                  00007004              000012970919     00000000684CAJ                 0000000   000000684000000000000000000   000000000   000000000203007211000000000002026091868480010000490      2600820550               00006
41.21 26030719000000030412134                  00007                                                       0000000008480010000498                  000000000   000000000                        00000000000                                                     
41.30 26030719000000030412134                  0000700000068400000000668480010000490      260082055                    2026091820300721184108131003120711   00000000000000000000000000000001007007760004              000012970919     0000000000004674000000000
41.20 26030719000000030412134                  00008004              000016353732     00000000750CAJ                 0000000   000000750000000000000000000   000000000   00000000020300704100000000000202609188480010036671       2600820430               00010
41.21 26030719000000030412134                  00008                                                       0000000008480010036671                  000000000   000000000                        00000000000                                                     
41.30 26030719000000030412134                  000080000007500000000108480010036671       260082043                    2026091820300704184108131003120766   00000000000000000000000000000001007006730004              000016353732     0000000000002850000000000
41.20 26030719000000030412134                  00001004              000016514028     00000001680CAJ                 0000000   000001680000000000000000000   000000000   0000000002030070810000000000020260918190-L               2600778680               00012
41.21 26030719000000030412134                  00001                                                       0000000008480010165340                  000000000   000000000                        00000000000                                                     
41.30 26030719000000030412134                  00001000001680000000012190-L               260077868                    2026091820300708184108131003120759   0000000000000000000000000000000Y113000000004              000016514028     0000000000007000000000000
41.20 26030719000000030412134                  00009004              000016855298     00000000672CAJ                 0000000   000000672000000000000000000   000000000   0000000002030070910000000000020260918190-L               2600820540               00008
41.21 26030719000000030412134                  00009                                                       0000000008480010000535                  000000000   000000000                        00000000000                                                     
41.30 26030719000000030412134                  00009000000672000000008190-L               260082054                    2026091820300709184108131003120797   00000000000000000000000000000001007006360004              000016855298     0000000000003612000000000
41.20 26030719000000030412134                  00002004              000017030909     00000001680CAJ                 0000000   000001680000000000000000000   000000000   0000000002030072210000000000020260918203-L               2600756750               00012
41.21 26030719000000030412134                  00002                                                       0000000008480010169911                  000000000   000000000                        00000000000                                                     
41.30 26030719000000030412134                  00002000001680000000012203-L               260075675                    2026091820300722184108131003120780   0000000000000000000000000000000Y113000000004              000017030909     0000000000006930000000000
41.20 26030719000000030412134                  00011004              000021969126     00000000336CAJ                 0000000   000000336000000000000000000   000000000   0000000002030070210000000000020260918183-L               2600652010               00008
41.21 26030719000000030412134                  00011                                                       0000000008480010192308                  000000000   000000000                        00000000000                                                     
41.30 26030719000000030412134                  00011000000336000000008183-L               260065201                    2026091820300702184108131003120773   00000000000000000000000000000001007005340004              000021969126     0000000000001969800000000
41.20 26030719000000030412134                  00006004              000022370993     00000001176CAJ                 0000000   000001176000000000000000000   000000000   0000000002030061010000000000020260918161-L               2600820400               00012
41.21 26030719000000030412134                  00006                                                       0000000008480010004656                  000000000   000000000                        00000000000                                                     
41.30 26030719000000030412134                  00006000001176000000012161-L               260082040                    2026091820300610184108131003120827   00000000000000000000000000000001007005160004              000022370993     0000000000004704000000000
41.20 26030719000000030412134                  00010004              000022395651     00000000576CAJ                 0000000   000000576000000000000000000   000000000   0000000002030060110000000000020260918152-L               2600757060               00012
41.21 26030719000000030412134                  00010                                                       0000000008480010193671                  000000000   000000000                        00000000000                                                     
41.30 26030719000000030412134                  00010000000576000000012152-L               260075706                    2026091820300601184108131003120810   00000000000000000000000000000001008009330004              000022395651     0000000000002304000000000
41.20 26030719000000030412134                  00012004              000022395669     00000000432CAJ                 0000000   000000432000000000000000000   000000000   000000000203006011000000000002026091818480010193685      2600820420               00012
41.21 26030719000000030412134                  00012                                                       0000000008480010193688                  000000000   000000000                        00000000000                                                     
41.30 26030719000000030412134                  0001200000043200000001218480010193685      260082042                    2026091820300601184108131003120803   00000000000000000000000000000001007005540004              000022395669     0000000000001728000000000
41.20 26030719000000030412134                  00005004              000025583378     00000002016CAJ                 0000000   000002016000000000000000000   000000000   0000000002030070210000000000020260918183                 2600820370               00012
41.21 26030719000000030412134                  00005                                                       0000000008480010211115                  000000000   000000000                        00000000000                                                     
41.30 26030719000000030412134                  00005000002016000000012183                 260082037                    2026091820300702184108131003120735   0000000000000000000000000000000Y113000000004              000025583378     0000000000004872000000000
41.99 26030719000000030412134                  00120001200012240000012                                                                                                                                                                                          
41.00 26030718000000030412133                            001STD1004000044510008  *             20260921020020260918074520260918075311326010624                                                                        00000000   18410813000005                 
41.01 26030718000000030412133                                                                         00000000                            20260918                       00000000RF6987113                                                                      
41.20 26030718000000030412133                  00001004              000014955264     00000000504CAJ                 0000000   000000504000000000000000000   000000000   0000000002030071010000000000020260918191-L               2600694210               00012
41.21 26030718000000030412133                  00001                                                       0000000008410813202409                  000000000   000000000                        00000000000                                                     
41.30 26030718000000030412133                  00001000000504000000012191-L               260069421                    2026091820300710184108131003120704   00000000000000000000000000000001005015330004              000014955264     0000000000002100000000000
41.99 26030718000000030412133                  00010000100000420000001                                                                                                                                                                                          
41.00 26031142000000032745859                            001STD1004000002010008  *             202609210210202609180745202609180754113524870                                                                          00000000   18410226000029                 
41.01 26031142000000032745859                                                                         00000000                            20260918                       00000000RF6987110                                                                      
41.20 26031142000000032745859                  00001004              000004944799     00000000704CAJ                 0000000   000000704000000000000000000   000000000   000000000203008271000000000002026091820300827            2600820620               00008
41.21 26031142000000032745859                  00001                                                       0000000008410226011780                  000000000   000000000                        00000000000                                                     
41.30 26031142000000032745859                  0000100000070400000000820300827            260082062                    2026091820300827384102260024523611   00000000000000000000000000000001008013170004              000004944799     0000000000002992000000000
41.20 26031142000000032745859                  00002004              000016439101     00000001176CAJ                 0000000   000001176000000000000000000   000000000   000000000203005041000000000002026091820300504            2600466560               00012
41.21 26031142000000032745859                  00002                                                       0000000008410226011148                  000000000   000000000                        00000000000                                                     
41.30 26031142000000032745859                  0000200000117600000001220300504            260046656                    2026091820300504384102260024523505   00000000000000000000000000000001007007730004              000016439101     0000000000003136000000000
41.99 26031142000000032745859                  00020000200001860000002                                                                                                                                                                                          
41.00 26031133000000032745844                            001STD1004000778470312  *             202609210206202609180810202609180755173PV26-2298                                                                       00000000   1                              
41.01 26031133000000032745844                                                                         00000000                            20260915                       00000000RF6987106                                                                      
41.20 26031133000000032745844                  00001004              000025638545     00000002304CAJ                 0000000   000002304000000000000000000   000000000   0000000000000000010000000000020260918L5260095            2600798630               00012
41.21 26031133000000032745844                  00001                                                       0000000008480010211894                  000000000   000000000                        00000000000                                                     
41.30 26031133000000032745844                  00001000001152000000012L5260095            260079863                    2026091800000000184370137455810786   0000000000000000000000000000000Y173000000004              000025638545     0000000000007632000000000
41.30 26031133000000032745844                  00001000001152000000012L5260095            260079863                    2026091800000000184370137455810779   0000000000000000000000000000000Y173000000004              000025638545     0000000000007632000000000
41.20 26031133000000032745844                  00002004              000025638586     00000001760CAJ                 0000000   000001760000000000000000000   000000000   0000000000000000010000000000020260918L5260091            2600759480               00008
41.21 26031133000000032745844                  00002                                                       0000000008480010211900                  000000000   000000000                        00000000000                                                     
41.30 26031133000000032745844                  00002000000440000000008L5260091            260075948                    2026091800000000184370137455821966   0000000000000000000000000000000Y173000000004              000025638586     0000000000006215000000000
41.30 26031133000000032745844                  00002000000440000000008L5260091            260075948                    2026091800000000184370137455821959   00000000000000000000000000000001004013720004              000025638586     0000000000006215000000000
41.30 26031133000000032745844                  00002000000440000000008L5260091            260075948                    2026091800000000184370137455821935   0000000000000000000000000000000Y173000000004              000025638586     0000000000006215000000000
41.30 26031133000000032745844                  00002000000440000000008L5260091            260075948                    2026091800000000184370137455821997   0000000000000000000000000000000Y173000000004              000025638586     0000000000006215000000000
41.20 26031133000000032745844                  00003004              000026264739     00000000440CAJ                 0000000   000000440000000000000000000   000000000   0000000000000000010000000000020260918L5260075            2600739010               00008
41.21 26031133000000032745844                  00003                                                       0000000008480010238198                  000000000   000000000                        00000000000                                                     
41.30 26031133000000032745844                  00003000000440000000008L5260075            260073901                    2026091800000000884370137455850378   0000000000000000000000000000000Y173000000004              000026264739     0000000000006006000000000
41.20 26031133000000032745844                  00004004              000027190214     00000000660CAJ                 0000000   000000660000000000000000000   000000000   0000000000000000010000000000020260918L7260007 27/08      2600820460               00006
41.21 26031133000000032745844                  00004                                                       0000000008480010303513                  000000000   000000000                        00000000000                                                     
41.30 26031133000000032745844                  00004000000660000000006L7260007 27/08      260082046                    2026091800000000169901000100000348   0000000000000000000000000000000Y173000000004              000027190214     0000000000007293000000000
41.20 26031133000000032745844                  00005004              000027411438     00000002160CAJ                 0000000   000002160000000000000000000   000000000   0000000000000000010000000000020260918L5260072            2600820930               00012
41.21 26031133000000032745844                  00005                                                       0000000008480010321647                  000000000   000000000                        00000000000                                                     
41.30 26031133000000032745844                  00005000000720000000012L5260072            260082093                    2026091800000000184370137455220288   0000000000000000000000000000000Y173000000004              000027411438     0000000000007818000000000
41.30 26031133000000032745844                  00005000000720000000012L5260072            260082093                    2026091800000000184370137455220158   0000000000000000000000000000000Y173000000004              000027411438     0000000000007818000000000
41.30 26031133000000032745844                  00005000000720000000012L5260072            260082093                    2026091800000000184370137455220189   0000000000000000000000000000000Y173000000004              000027411438     0000000000007818000000000
41.99 26031133000000032745844                  00050001100007570000005                                                                                                                                                                                          
41.00 26031149000000032745938                            001STD1004000415800308  *             20260921021020260918074520260918075611328002537                                                                        00000000   1                              
41.01 26031149000000032745938                                                                         00000000                            20260918                       00000000RF6987113                                                                      
41.20 26031149000000032745938                  00001004              000002179323     00000000156CAJ                 0000000   000000156000000000000000000   000000000   0000000002029123110000000000020260918001L5294            2600820470               00006
41.21 26031149000000032745938                  00001                                                       0000000008480010110906                  000000000   000000000                        00000000000                                                     
41.30 26031149000000032745938                  00001000000156000000006001L5294            260082047                    2026091820291231384370060346123174   00000000000000000000000000000001008011750004              000002179323     0000000000000702000000000
41.20 26031149000000032745938                  00002004              000012243531     00000000348CAJ                 0000000   000000348000000000000000000   000000000   0000000002029123110000000000020260918001L5364            2600820490               00006
41.21 26031149000000032745938                  00002                                                       0000000008480010134223                  000000000   000000000                        00000000000                                                     
41.30 26031149000000032745938                  00002000000348000000006001L5364            260082049                    2026091820291231384370060346123198   0000000000000000000000000000000Y113000000004              000012243531     0000000000001740000000000
41.20 26031149000000032745938                  00003004              000015927635     00000000870CAJ                 0000000   000000870000000000000000000   000000000   00000000020291231100000000000202609180015259             2600820500               00006
41.21 26031149000000032745938                  00003                                                       0000000008480010162561                  000000000   000000000                        00000000000                                                     
41.30 26031149000000032745938                  000030000008700000000060015259             260082050                    2026091820291231384370060346123204   00000000000000000000000000000001008012140004              000015927635     0000000000004205000000000
41.99 26031149000000032745938                  00030000300002290000003                                                                                                                                                                                          
41.00 26031138000000032745849                            001STD1004000027590313  *             2026092102072026091808102026091807571731000331145                                                                      00000000   1                              
41.01 26031138000000032745849                                                                         00000000                            20260915                       00000000RF6987106                                                                      
41.20 26031138000000032745849                  00002004              000018235291     00000002340CAJ                 0000000   000002340000000000000000000   000000000   00000000000000000100000000000202609182608193015290818    2600820450               00006
41.21 26031138000000032745849                  00002                                                       0000000008480010180381                  000000000   000000000                        00000000000                                                     
41.30 26031138000000032745849                  000020000007800000000062608193015290818    260082045                    2026091800000000184800100016516157   00000000000000000000000000000001007012570004              000018235291     0000000000006630000000000
41.30 26031138000000032745849                  000020000007800000000062608193015290818    260082045                    2026091800000000184800100016515716   00000000000000000000000000000001004009480004              000018235291     0000000000006630000000000
41.30 26031138000000032745849                  0000200000078000000000626081930            260082070                    2026091800000000444444444428045496   00000000000000000000000000000001004013320004              000018235291     0000000000006630000000000
41.20 26031138000000032745849                  00003004              000018235317     00000000780CAJ                 0000000   000000780000000000000000000   000000000   00000000000000000100000000000202609182609025715290901    2600820820               00006
41.21 26031138000000032745849                  00003                                                       0000000008480010180398                  000000000   000000000                        00000000000                                                     
41.30 26031138000000032745849                  000030000007800000000062609025715290901    260082082                    2026091800000000184800100016555774   0000000000000000000000000000000Y173000000004              000018235317     0000000000006630000000000
41.20 26031138000000032745849                  00005004              000022468714     00000001092CAJ                 0000000   000001092000000000000000000   000000000   00000000000000000100000000000202609182609081215290907    2600820480               00006
41.21 26031138000000032745849                  00005                                                       0000000008480010194272                  000000000   000000000                        00000000000                                                     
41.30 26031138000000032745849                  000050000010920000000062609081215290907    260082048                    2026091800000000184800100016597576   0000000000000000000000000000000Y173000000004              000022468714     0000000000006370000000000
41.20 26031138000000032745849                  00004004              000024968141     00000000912CAJ                 0000000   000000000000000000000000000   000000000   0000000000000000010000000000000000000                    0000000000               00008
41.21 26031138000000032745849                  00004                                                       0000000008480010180473                  000000000   000000000                        00000000000                                                     
41.20 26031138000000032745849                  00006004              000024979825     00000001440CAJ                 0000000   000001440000000000000000000   000000000   00000000000000000100000000000202609182609024015290901    2600820730               00012
41.21 26031138000000032745849                  00006                                                       0000000008480010197709                  000000000   000000000                        00000000000                                                     
41.30 26031138000000032745849                  000060000007200000000122609024015290901    260082073                    2026091800000000384800100016563216   00000000000000000000000000000001004014120004              000024979825     0000000000007980000000000
41.30 26031138000000032745849                  000060000007200000000122609024015290901    260082073                    2026091800000000384800100016562004   00000000000000000000000000000001009014900004              000024979825     0000000000007980000000000
41.20 26031138000000032745849                  00001004              000024979833     00000000720CAJ                 0000000   000000720000000000000000000   000000000   000000000000000001000000000002026091826071704            2600798550               00012
41.21 26031138000000032745849                  00001                                                       0000000008480010180350                  000000000   000000000                        00000000000                                                     
41.30 26031138000000032745849                  0000100000072000000001226071704            260079855                    2026091800000000444444444428045519   0000000000000000000000000000000Y173000000004              000024979833     0000000000007980000000000
41.99 26031138000000032745849                  00060000800008820000005                                                                                                                                                                                          
41.00 26030431000000026155052                            001STD1004000689090013  *             202609180200202609180901202609180800161817786                                                                          00000000   1                              
41.01 26030431000000026155052                                                                         00000000                            20260915                       00000000RF6987112                                                                      
41.20 26030431000000026155052                  00001004              000026199968     00000000020CAJ                 0000000   000000020000000000000000000   000000000   0000000002027090110000000000020260918H41260              2600345190               00010
41.21 26030431000000026155052                  00001                                                       0000000008431506005145                  000000000   000000000                        00000000000                                                     
41.30 26030431000000026155052                  00001000000020000000010H41260              260034519                    2026091820270901444444444428046035   0000000000000000000000000000000A001000100004              000026199968     0000000000000005000000000
41.20 26030431000000026155052                  00002004              000027309616     00000000096CAJ                 0000000   000000096000000000000000000   000000000   000000000000000001000000000002026091814361               2600755790               00012
41.21 26030431000000026155052                  00002                                                       0000000008431506005251                  000000000   000000000                        00000000000                                                     
41.30 26030431000000026155052                  0000200000009600000001214361               260075579                    2026091800000000444444444428046028   0000000000000000000000000000000A001000100004              000027309616     0000000000000120000000000
41.99 26030431000000026155052                  00020000200000100000002                                                                                                                                                                                          
99.00 CECOSA EROSKI               20260918080221561510600000514                                                                                                                                                                                                 
